<?xml version="1.0" encoding="UTF-8"?>
<metadata xml:lang="en"><Esri><CreaDate>20181025</CreaDate><CreaTime>15205000</CreaTime><ArcGISFormat>1.0</ArcGISFormat><SyncOnce>TRUE</SyncOnce><DataProperties><lineage><Process ToolSource="c:\program files\arcgis\server\ArcToolbox\Toolboxes\Conversion Tools.tbx\FeatureClassToFeatureClass" Date="20181009" Time="034817">FeatureClassToFeatureClass IP_Watersheds_DEQ C:\\applications\\mapper_ext\\GIS_Datasets\TMDL_IP_Watersheds_Geodatabase.gdb IP_Watersheds_DEQ # "IP_NAME "IP_NAME" true true false 150 Text 0 0 ,First,#,IP_Watersheds_DEQ,GIS_DBA.IP_Watersheds_DEQ.IP_NAME,-1,-1;IP_KEY "IP_KEY" true true false 8 Double 8 38 ,First,#,IP_Watersheds_DEQ,GIS_DBA.IP_Watersheds_DEQ.IP_KEY,-1,-1;INSERTED_BY "INSERTED_BY" true true false 50 Text 0 0 ,First,#,IP_Watersheds_DEQ,GIS_DBA.IP_Watersheds_DEQ.INSERTED_BY,-1,-1;INSERTED_DATE "INSERTED_DATE" true true false 8 Date 0 0 ,First,#,IP_Watersheds_DEQ,GIS_DBA.IP_Watersheds_DEQ.INSERTED_DATE,-1,-1;CHANGED_BY "CHANGED_BY" true true false 50 Text 0 0 ,First,#,IP_Watersheds_DEQ,GIS_DBA.IP_Watersheds_DEQ.CHANGED_BY,-1,-1;CHANGED_DATE "CHANGED_DATE" true true false 8 Date 0 0 ,First,#,IP_Watersheds_DEQ,GIS_DBA.IP_Watersheds_DEQ.CHANGED_DATE,-1,-1;GLOBALID "GLOBALID" false false false 38 GlobalID 0 0 ,First,#,IP_Watersheds_DEQ,GIS_DBA.IP_Watersheds_DEQ.GLOBALID,-1,-1;WATERSHED_ID "WATERSHED_ID" true true false 8 Double 8 38 ,First,#,IP_Watersheds_DEQ,GIS_DBA.IP_Watersheds_DEQ.WATERSHED_ID,-1,-1;WATERSHED_ID_1 "WATERSHED_ID_1" true true false 8 Double 0 18 ,First,#,IP_Watersheds_DEQ,GIS_DBA.MV_TIP_WATERSHED.WATERSHED_ID,-1,-1;WATERSHED_NAME "WATERSHED_NAME" true true false 100 Text 0 0 ,First,#,IP_Watersheds_DEQ,GIS_DBA.MV_TIP_WATERSHED.WATERSHED_NAME,-1,-1;REPORT_NUMBER "REPORT_NUMBER" true true false 22 Text 0 0 ,First,#,IP_Watersheds_DEQ,GIS_DBA.MV_TIP_WATERSHED.REPORT_NUMBER,-1,-1;REPORT_NAME "REPORT_NAME" true true false 100 Text 0 0 ,First,#,IP_Watersheds_DEQ,GIS_DBA.MV_TIP_WATERSHED.REPORT_NAME,-1,-1;EPA_APPROVED_DATE "EPA_APPROVED_DATE" true true false 8 Date 0 0 ,First,#,IP_Watersheds_DEQ,GIS_DBA.MV_TIP_WATERSHED.EPA_APPROVED_DATE,-1,-1;COMPLETE_REPORT_LINK "COMPLETE_REPORT_LINK" true true false 255 Text 0 0 ,First,#,IP_Watersheds_DEQ,GIS_DBA.MV_TIP_WATERSHED.COMPLETE_REPORT_LINK,-1,-1;REGION "REGION" true true false 200 Text 0 0 ,First,#,IP_Watersheds_DEQ,GIS_DBA.MV_TIP_WATERSHED.REGION,-1,-1;REPORT_STATUS "REPORT_STATUS" true true false 11 Text 0 0 ,First,#,IP_Watersheds_DEQ,GIS_DBA.MV_TIP_WATERSHED.REPORT_STATUS,-1,-1;WATERSHED_STATUS "WATERSHED_STATUS" true true false 100 Text 0 0 ,First,#,IP_Watersheds_DEQ,GIS_DBA.MV_TIP_WATERSHED.WATERSHED_STATUS,-1,-1;POLLUTANTS "POLLUTANTS" true true false 4000 Text 0 0 ,First,#,IP_Watersheds_DEQ,GIS_DBA.MV_TIP_WATERSHED.POLLUTANTS,-1,-1;SUCC_STORY_TYPES "SUCC_STORY_TYPES" true true false 4000 Text 0 0 ,First,#,IP_Watersheds_DEQ,GIS_DBA.MV_TIP_WATERSHED.SUCC_STORY_TYPES,-1,-1;SUCC_STORY_LINK "SUCC_STORY_LINK" true true false 103 Text 0 0 ,First,#,IP_Watersheds_DEQ,GIS_DBA.MV_TIP_WATERSHED.SUCC_STORY_LINK,-1,-1" #</Process><Process ToolSource="c:\program files\arcgis\server\ArcToolbox\Toolboxes\Data Management Tools.tbx\DeleteField" Date="20181009" Time="034818">DeleteField C:\\applications\\mapper_ext\\GIS_Datasets\TMDL_IP_Watersheds_Geodatabase.gdb\IP_Watersheds_DEQ IP_KEY</Process></lineage><itemProps><itemLocation><linkage Sync="TRUE">file://\\NG00272972\C$\Users\kpc74529\Desktop\CEDSQAQC\v104\tmdl_ip_watersheds_geodatabase1.gdb</linkage><protocol Sync="TRUE">Local Area Network</protocol></itemLocation></itemProps></DataProperties><ArcGISstyle>FGDC CSDGM Metadata</ArcGISstyle></Esri></metadata>
